p,q,err
0,0,2.28540976785868
0,0.02,2.18785349956047
0,0.04,2.09425247957974
0,0.06,2.00459643801092
0,0.08,1.91887514425376
0,0.1,1.83707840683612
0,0.12,1.75919607323772
0,0.14,1.68521802971266
0,0.16,1.61513420111328
0,0.18,1.54893455071977
0,0.2,1.48660908006151
0,0.22,1.42814782874898
0,0.24,1.37354087429993
0,0.26,1.32277833196788
0,0.28,1.27585035457584
0,0.3,1.23274713234388
0,0.32,1.19345889272381
0,0.34,1.15797590022807
0,0.36,1.12628845626837
0,0.38,1.09838689898721
0,0.4,1.07426160309559
0,0.42,1.05390297970588
0,0.44,1.03730147617251
0,0.46,1.02444757592876
0,0.48,1.01533179832658
0,0.5,1.0099446984732
0,0.52,1.00827686707483
0,0.54,1.01031893027819
0,0.56,1.01606154951081
0,0.58,1.02549542132656
0,0.6,1.03861127724523
0,0.62,1.05539988360248
0,0.64,1.07585204139246
0,0.66,1.0999585861155
0,0.68,1.12771038762121
0,0.7,1.15909834996271
0,0.72,1.19411341124128
0,0.74,1.23274654345662
0,0.76,1.27498875235626
0,0.78,1.32083107728857
0,0.8,1.37026459105385
0,0.82,1.42328039975531
0,0.84,1.47986964265493
0,0.86,1.54002349202492
0,0.88,1.60373315300579
0,0.9,1.67098986345778
0,0.92,1.74178489382167
0,0.94,1.81610954697148
0,0.96,1.89395515807709
0,0.98,1.97531309445699
0.02,0,2.28078837356919
0.02,0.02,2.18324787758514
0.02,0.04,2.08967246178384
0.02,0.06,2.00005189330712
0.02,0.08,1.91437597831143
0.02,0.1,1.83263456179884
0.02,0.12,1.75481752743754
0.02,0.14,1.68091479739028
0.02,0.16,1.61091633213633
0.02,0.18,1.54481213030784
0.02,0.2,1.48259222850831
0.02,0.22,1.42424670115044
0.02,0.24,1.36976566028028
0.02,0.26,1.31913925541284
0.02,0.28,1.2723576733612
0.02,0.3,1.22941113807258
0.02,0.32,1.19028991045951
0.02,0.34,1.15498428823421
0.02,0.36,1.1234846057468
0.02,0.38,1.09578123382091
0.02,0.4,1.0718645795901
0.02,0.42,1.05172508633562
0.02,0.44,1.03535323332755
0.02,0.46,1.02273953566214
0.02,0.48,1.0138745441059
0.02,0.5,1.00874884493184
0.02,0.52,1.0073530597667
0.02,0.54,1.00967784543282
0.02,0.56,1.01571389379067
0.02,0.58,1.0254519315855
0.02,0.6,1.03888272029017
0.02,0.62,1.05599705595608
0.02,0.64,1.07678576905449
0.02,0.66,1.10123972433125
0.02,0.68,1.12934982064733
0.02,0.7,1.16110699083759
0.02,0.72,1.19650220155369
0.02,0.74,1.23552645311933
0.02,0.76,1.27817077937884
0.02,0.78,1.32442624755446
0.02,0.8,1.37428395809419
0.02,0.82,1.42773504453001
0.02,0.84,1.48477067333186
0.02,0.86,1.54538204376137
0.02,0.88,1.6095603877311
0.02,0.9,1.67729696965881
0.02,0.92,1.74858308632847
0.02,0.94,1.82341006674525
0.02,0.96,1.90176927199784
0.02,0.98,1.9836520951155
0.04,0,2.27470008296246
0.04,0.02,2.17716575028554
0.04,0.04,2.08360635723551
0.04,0.06,1.99401170791407
0.04,0.08,1.90837164515389
0.04,0.1,1.82667605034551
0.04,0.12,1.74891484326424
0.04,0.14,1.67507798189706
0.04,0.16,1.60515546227007
0.04,0.18,1.53913731828293
0.04,0.2,1.47701362153404
0.04,0.22,1.41877448115555
0.04,0.24,1.36441004364335
0.04,0.26,1.31391049269065
0.04,0.28,1.2672660490243
0.04,0.3,1.22446697023602
0.04,0.32,1.18550355062225
0.04,0.34,1.15036612101488
0.04,0.36,1.11904504862542
0.04,0.38,1.09153073687881
0.04,0.4,1.06781362525483
0.04,0.42,1.04788418912537
0.04,0.44,1.03173293959921
0.04,0.46,1.01935042335968
0.04,0.48,1.01072722251069
0.04,0.5,1.0058539544163
0.04,0.52,1.00472127154721
0.04,0.54,1.0073198613255
0.04,0.56,1.01364044596987
0.04,0.58,1.0236737823431
0.04,0.6,1.0374106617952
0.04,0.62,1.05484191001779
0.04,0.64,1.07595838688881
0.04,0.66,1.10075098632367
0.04,0.68,1.12921063612234
0.04,0.7,1.16132829782678
0.04,0.72,1.19709496656806
0.04,0.74,1.23650167091982
0.04,0.76,1.27953947275224
0.04,0.78,1.32619946708659
0.04,0.8,1.37647278194983
0.04,0.82,1.4303505782293
0.04,0.84,1.48782404953235
0.04,0.86,1.54888442203753
0.04,0.88,1.61352295436078
0.04,0.9,1.68173093740487
0.04,0.92,1.75349969422683
0.04,0.94,1.82882057989138
0.04,0.96,1.90768498133826
0.04,0.98,1.99008431723617
0.06,0,2.26713309814805
0.06,0.02,2.16959532244337
0.06,0.04,2.07604237327338
0.06,0.06,1.98646409161981
0.06,0.08,1.90085035690605
0.06,0.1,1.81919108682954
0.06,0.12,1.74147623718847
0.06,0.14,1.66769580171508
0.06,0.16,1.59783981190028
0.06,0.18,1.53189833683173
0.06,0.2,1.46986148301934
0.06,0.22,1.41171939423733
0.06,0.24,1.35746225135053
0.06,0.26,1.30708027215204
0.06,0.28,1.26056371120185
0.06,0.3,1.21790285966091
0.06,0.32,1.17908804512871
0.06,0.34,1.14410963148046
0.06,0.36,1.11295801870988
0.06,0.38,1.08562364276843
0.06,0.4,1.06209697540447
0.06,0.42,1.04236852400554
0.06,0.44,1.02642883143992
0.06,0.46,1.0142684759046
0.06,0.48,1.00587807076585
0.06,0.5,1.00124826440198
0.06,0.52,1.00036974005324
0.06,0.54,1.00323321566877
0.06,0.56,1.00982944374913
0.06,0.58,1.02014921120116
0.06,0.6,1.03418333917876
0.06,0.62,1.05192268294138
0.06,0.64,1.07335813169929
0.06,0.66,1.09848060846603
0.06,0.68,1.12728106990562
0.06,0.7,1.15975050619728
0.06,0.72,1.19587994087808
0.06,0.74,1.23566043070073
0.06,0.76,1.27908306548787
0.06,0.78,1.32613896799182
0.06,0.8,1.37681929374464
0.06,0.82,1.43111523091961
0.06,0.84,1.48901800018915
0.06,0.86,1.55051885458203
0.06,0.88,1.61560907934281
0.06,0.9,1.68427999179299
0.06,0.92,1.75652294119079
0.06,0.94,1.83232930859313
0.06,0.96,1.91169050671933
0.06,0.98,1.99459797981026
0.08,0,2.25807569819251
0.08,0.02,2.16052487561351
0.08,0.04,2.06696879383054
0.08,0.06,1.97739733062098
0.08,0.08,1.89180040191845
0.08,0.1,1.8101679616459
0.08,0.12,1.73249000154568
0.08,0.14,1.65875655101127
0.08,0.16,1.58895767691868
0.08,0.18,1.5230834834639
0.08,0.2,1.4611241119925
0.08,0.22,1.40306974083747
0.08,0.24,1.34891058515621
0.08,0.26,1.29863689676357
0.08,0.28,1.25223896397486
0.08,0.3,1.20970711144058
0.08,0.32,1.17103169998885
0.08,0.34,1.1362031264606
0.08,0.36,1.10521182355667
0.08,0.38,1.0780482596763
0.08,0.4,1.05470293876254
0.08,0.42,1.03516640014045
0.08,0.44,1.01942921836812
0.08,0.46,1.00748200307694
0.08,0.48,0.999315398822464
0.08,0.5,0.994920084923071
0.08,0.52,0.994286775315179
0.08,0.54,0.997406218399644
0.08,0.56,1.00426919688869
0.08,0.58,1.01486652765752
0.08,0.6,1.02918906159317
0.08,0.62,1.04722768344902
0.08,0.64,1.0689733116955
0.08,0.66,1.09441689837097
0.08,0.68,1.12354942893691
0.08,0.7,1.15636192213431
0.08,0.72,1.19284542983505
0.08,0.74,1.23299103690141
0.08,0.76,1.27678986103828
0.08,0.78,1.32423305265625
0.08,0.8,1.37531179472423
0.08,0.82,1.43001730263141
0.08,0.84,1.48834082404552
0.08,0.86,1.55027363877366
0.08,0.88,1.61580705862348
0.08,0.9,1.68493242726246
0.08,0.92,1.75764112008412
0.08,0.94,1.83392454406728
0.08,0.96,1.91377413764263
0.08,0.98,1.99718137055452
0.1,0,2.2475162391259
0.1,0.02,2.14994276812951
0.1,0.04,2.05637397943289
0.1,0.06,1.9667997875262
0.1,0.08,1.88121014477302
0.1,0.1,1.7995950412407
0.1,0.12,1.72194450453674
0.1,0.14,1.64824859963685
0.1,0.16,1.57849742872267
0.1,0.18,1.51268113102075
0.1,0.2,1.45078988263138
0.1,0.22,1.39281389637241
0.1,0.24,1.33874342161237
0.1,0.26,1.28856874411284
0.1,0.28,1.24228018586727
0.1,0.3,1.19986810494013
0.1,0.32,1.16132289531039
0.1,0.34,1.12663498670974
0.1,0.36,1.09579484446991
0.1,0.38,1.0687929693655
0.1,0.4,1.04561989745593
0.1,0.42,1.02626619993338
0.1,0.44,1.01072248296759
0.1,0.46,0.998979387553664
0.1,0.48,0.99102758936026
0.1,0.5,0.986857798574421
0.1,0.52,0.986460759755756
0.1,0.54,0.989827251683788
0.1,0.56,0.996948087208704
0.1,0.58,1.00781411310431
0.1,0.6,1.02241620991791
0.1,0.62,1.04074529182624
0.1,0.64,1.06279230648645
0.1,0.66,1.08854823489376
0.1,0.68,1.11800409123273
0.1,0.7,1.15115092273784
0.1,0.72,1.18797980954553
0.1,0.74,1.22848186455624
0.1,0.76,1.27264823328866
0.1,0.78,1.32047009374203
0.1,0.8,1.37193865625231
0.1,0.82,1.42704516335413
0.1,0.84,1.48578088964424
0.1,0.86,1.54813714163812
0.1,0.88,1.61410525763703
0.1,0.9,1.68367660758787
0.1,0.92,1.75684259295067
0.1,0.94,1.83359464655753
0.1,0.96,1.91392423248385
0.1,0.98,1.99782284590945
0.12,0,2.23544315395419
0.12,0.02,2.13783743511841
0.12,0.04,2.04424636721374
0.12,0.06,1.95465990136698
0.12,0.08,1.86906802629126
0.12,0.1,1.78746076811911
0.12,0.12,1.70982819024267
0.12,0.14,1.63616039314326
0.12,0.16,1.56644751423104
0.12,0.18,1.50067972768196
0.12,0.2,1.43884724427784
0.12,0.22,1.38094031124055
0.12,0.24,1.32694921207809
0.12,0.26,1.27686426641827
0.12,0.28,1.23067582985955
0.12,0.3,1.18837429380317
0.12,0.32,1.14995008530563
0.12,0.34,1.1153936669129
0.12,0.36,1.08469553651579
0.12,0.38,1.05784622718623
0.12,0.4,1.03483630703017
0.12,0.42,1.01565637903035
0.12,0.44,1.00029708089723
0.12,0.46,0.988749084914995
0.12,0.48,0.981003097794612
0.12,0.5,0.977049860518584
0.12,0.52,0.976880148197342
0.12,0.54,0.980484769917321
0.12,0.56,0.987854568597056
0.12,0.58,0.998980420835916
0.12,0.6,1.0138532367711
0.12,0.62,1.0324639599298
0.12,0.64,1.05480356709076
0.12,0.66,1.08086306813159
0.12,0.68,1.11063350589176
0.12,0.7,1.1441059560273
0.12,0.72,1.18127152687386
0.12,0.74,1.2221213592982
0.12,0.76,1.26664662656419
0.12,0.78,1.31483853419019
0.12,0.8,1.36668831981191
0.12,0.82,1.42218725304166
0.12,0.84,1.48132663533484
0.12,0.86,1.54409779984872
0.12,0.88,1.61049211131229
0.12,0.9,1.68050096588129
0.12,0.92,1.75411579101611
0.12,0.94,1.83132804533481
0.12,0.96,1.91212921849227
0.12,0.98,1.9965108310338
0.14,0,2.22184495266705
0.14,0.02,2.12419738850228
0.14,0.04,2.03057447092168
0.14,0.06,1.94096618760767
0.14,0.08,1.85536256354391
0.14,0.1,1.77375366085181
0.14,0.12,1.69612957862913
0.14,0.14,1.62248045278635
0.14,0.16,1.55279645588305
0.14,0.18,1.48706779697334
0.14,0.2,1.4252847214373
0.14,0.22,1.3674375108312
0.14,0.24,1.31351648272177
0.14,0.26,1.26351199053369
0.14,0.28,1.21741442338948
0.14,0.3,1.17521420595761
0.14,0.32,1.1369017982958
0.14,0.34,1.10246769569234
0.14,0.36,1.07190242851969
0.14,0.38,1.04519656207838
0.14,0.4,1.02234069644683
0.14,0.42,1.00332546632489
0.14,0.44,0.98814154089067
0.14,0.46,0.976779623648191
0.14,0.48,0.969230452276866
0.14,0.5,0.965484798485572
0.14,0.52,0.96553346786134
0.14,0.54,0.969367299730753
0.14,0.56,0.976977167006172
0.14,0.58,0.98835397604491
0.14,0.6,1.00348866650141
0.14,0.62,1.02237221118843
0.14,0.64,1.04499561593108
0.14,0.66,1.07134991942402
0.14,0.68,1.10142619308997
0.14,0.7,1.13521554094177
0.14,0.72,1.17270909944075
0.14,0.74,1.21389803735429
0.14,0.76,1.25877355562255
0.14,0.78,1.30732688721679
0.14,0.8,1.35954929700219
0.14,0.82,1.41543208160337
0.14,0.84,1.4749665692654
0.14,0.86,1.53814411972294
0.14,0.88,1.60495612406129
0.14,0.9,1.67539400458329
0.14,0.92,1.74944921467967
0.14,0.94,1.82711323869071
0.14,0.96,1.90837759178148
0.14,0.98,1.99323381980145
0.16,0,2.20671022225417
0.16,0.02,2.10901121702172
0.16,0.04,2.01534688093701
0.16,0.06,1.92570723815936
0.16,0.08,1.84008234986691
0.16,0.1,1.75846231409203
0.16,0.12,1.68083726556281
0.16,0.14,1.60719737554134
0.16,0.16,1.53753285166205
0.16,0.18,1.47183393777909
0.16,0.2,1.4100909137992
0.16,0.22,1.35229409553473
0.16,0.24,1.29843383454115
0.16,0.26,1.2485005179593
0.16,0.28,1.20248456837041
0.16,0.3,1.16037644363016
0.16,0.32,1.12216663672659
0.16,0.34,1.08784567561708
0.16,0.36,1.05740412308468
0.16,0.38,1.03083257658593
0.16,0.4,1.00812166809671
0.16,0.42,0.989262063967391
0.16,0.44,0.974244464770668
0.16,0.46,0.963059605157672
0.16,0.48,0.955698253708687
0.16,0.5,0.952151212783647
0.16,0.52,0.952409318382749
0.16,0.54,0.956463439997062
0.16,0.56,0.964304480465315
0.16,0.58,0.975923375833976
0.16,0.6,0.991311095206405
0.16,0.62,1.01045864060903
0.16,0.64,1.03335704684684
0.16,0.66,1.05999738136279
0.16,0.68,1.09037074409558
0.16,0.7,1.12446826734465
0.16,0.72,1.16228111563115
0.16,0.74,1.20380048555556
0.16,0.76,1.2490176056666
0.16,0.78,1.29792373632051
0.16,0.8,1.35051016954726
0.16,0.82,1.40676822891405
0.16,0.84,1.46668926939315
0.16,0.86,1.53026467722635
0.16,0.88,1.59748586979137
0.16,0.9,1.66834429547184
0.16,0.92,1.74283143352355
0.16,0.94,1.82093879394258
0.16,0.96,1.90265791733928
0.16,0.98,1.98798037480118
0.18,0,2.19002762671877
0.18,0.02,2.0922675862444
0.18,0.04,1.9985522642813
0.18,0.06,1.90887172139289
0.18,0.08,1.82321605487284
0.18,0.1,1.74157539858857
0.18,0.12,1.66393992282381
0.18,0.14,1.59029983411664
0.18,0.16,1.52064537510112
0.18,0.18,1.45496682435653
0.18,0.2,1.3932544962444
0.18,0.22,1.335498740759
0.18,0.24,1.28168994336758
0.18,0.26,1.23181852485939
0.18,0.28,1.18587494119634
0.18,0.3,1.14384968335376
0.18,0.32,1.10573327717441
0.18,0.34,1.07151628321477
0.18,0.36,1.04118929659744
0.18,0.38,1.01474294686109
0.18,0.4,0.992167897812257
0.18,0.42,0.973454847377237
0.18,0.44,0.958594527455201
0.18,0.46,0.947577703774839
0.18,0.48,0.940395175744893
0.18,0.5,0.93703777631089
0.18,0.52,0.9374963718125
0.18,0.54,0.941761861839452
0.18,0.56,0.949825179088598
0.18,0.58,0.961677289223947
0.18,0.6,0.977309190730961
0.18,0.62,0.996711914783976
0.18,0.64,1.01987652509834
0.18,0.66,1.0467941177964
0.18,0.68,1.07745582126693
0.18,0.7,1.11185279603032
0.18,0.72,1.14997623459788
0.18,0.74,1.19181736133891
0.18,0.76,1.23736743234325
0.18,0.78,1.28661773528555
0.18,0.8,1.33955958929448
0.18,0.82,1.3961843448149
0.18,0.84,1.45648338348019
0.18,0.86,1.52044811797331
0.18,0.88,1.58806999190149
0.18,0.9,1.65934047966037
0.18,0.92,1.73425108630815
0.18,0.94,1.81279334743153
0.18,0.96,1.89495882902244
0.18,0.98,1.98073912734069
0.2,0,2.17178590709485
0.2,0.02,2.07395523858258
0.2,0.04,1.98017936464085
0.2,0.06,1.89044838215676
0.2,0.08,1.80475242446822
0.2,0.1,1.72308166120153
0.2,0.12,1.64542629812113
0.2,0.14,1.57177657696657
0.2,0.16,1.50212277529996
0.2,0.18,1.43645520635145
0.2,0.2,1.37476421886299
0.2,0.22,1.31704019693804
0.2,0.24,1.26327355988594
0.2,0.26,1.2134547620701
0.2,0.28,1.16757429276181
0.2,0.3,1.1256226759829
0.2,0.32,1.08759047036417
0.2,0.34,1.05346826898642
0.2,0.36,1.02324669924306
0.2,0.38,0.996916422683435
0.2,0.4,0.974468134876588
0.2,0.42,0.95589256525327
0.2,0.44,0.941180476972112
0.2,0.46,0.930322666767082
0.2,0.48,0.923309964809737
0.2,0.5,0.920133234561281
0.2,0.52,0.920783372632159
0.2,0.54,0.925251308643153
0.2,0.56,0.93352800508101
0.2,0.58,0.945604457161035
0.2,0.6,0.961471692683478
0.2,0.62,0.981120771900383
0.2,0.64,1.00454278737332
0.2,0.66,1.03172886383826
0.2,0.68,1.06267015806586
0.2,0.7,1.09735785873024
0.2,0.72,1.13578318627023
0.2,0.74,1.1779373927544
0.2,0.76,1.22381176175141
0.2,0.78,1.27339760818691
0.2,0.8,1.32668627822422
0.2,0.82,1.38366914912119
0.2,0.84,1.44433762910478
0.2,0.86,1.50868315723672
0.2,0.88,1.57669720328841
0.2,0.9,1.64837126760454
0.2,0.92,1.72369688098117
0.2,0.94,1.80266560453023
0.2,0.96,1.88526902956152
0.2,0.98,1.9714987774448
0.22,0,2.15197388146817
0.22,0.02,2.05406299331693
0.22,0.04,1.96021700237986
0.22,0.06,1.87042604179671
0.22,0.08,1.78468028087199
0.22,0.1,1.70296992492015
0.22,0.12,1.62528521511032
0.22,0.14,1.551616428314
0.22,0.16,1.48195387694467
0.22,0.18,1.41628790881366
0.22,0.2,1.35460890697001
0.22,0.22,1.29690728955557
0.22,0.24,1.2431735096491
0.22,0.26,1.19339805511889
0.22,0.28,1.14757144847315
0.22,0.3,1.10568424671247
0.22,0.32,1.06772704118204
0.22,0.34,1.0336904574194
0.22,0.36,1.00356515501749
0.22,0.38,0.977341827471088
0.22,0.4,0.955011202038336
0.22,0.42,0.936564039589839
0.22,0.44,0.921991134469856
0.22,0.46,0.911283314354964
0.22,0.48,0.9044314401089
0.22,0.5,0.901426405640534
0.22,0.52,0.902259137765001
0.22,0.54,0.906920596067049
0.22,0.56,0.915401772755522
0.22,0.58,0.927693692531297
0.22,0.6,0.943787412441187
0.22,0.62,0.963674021751418
0.22,0.64,0.987344641802422
0.22,0.66,1.01479042587724
0.22,0.68,1.0460025590641
0.22,0.7,1.08097225812613
0.22,0.72,1.11969077136251
0.22,0.74,1.16214937847812
0.22,0.76,1.20833939045244
0.22,0.78,1.25825214940177
0.22,0.8,1.3118790284577
0.22,0.82,1.36921143162565
0.22,0.84,1.43024079366484
0.22,0.86,1.49495857995111
0.22,0.88,1.5633562863553
0.22,0.9,1.63542543910732
0.22,0.92,1.71115759467816
0.22,0.94,1.79054433964409
0.22,0.96,1.87357729056749
0.22,0.98,1.96024809386607
0.24,0,2.130580444995
0.24,0.02,2.03257974661025
0.24,0.04,1.9386540745635
0.24,0.06,1.84879359817242
0.24,0.08,1.76298852263591
0.24,0.1,1.68122908888302
0.24,0.12,1.60350557341699
0.24,0.14,1.52980828816615
0.24,0.16,1.46012758032554
0.24,0.18,1.39445383221676
0.24,0.2,1.33277746112496
0.24,0.22,1.27508891915847
0.24,0.24,1.22137869309728
0.24,0.26,1.17163730424106
0.24,0.28,1.12585530827009
0.24,0.3,1.08402329508987
0.24,0.32,1.04613188869309
0.24,0.34,1.01217174700568
0.24,0.36,0.982133561750659
0.24,0.38,0.956008058299155
0.24,0.4,0.933785995531239
0.24,0.42,0.915458165688395
0.24,0.44,0.901015394237044
0.24,0.46,0.890448539724679
0.24,0.48,0.883748493642131
0.24,0.5,0.880906180279188
0.24,0.52,0.881912556590621
0.24,0.54,0.88675861205664
0.24,0.56,0.89543536854404
0.24,0.58,0.907933880171242
0.24,0.6,0.92424523316886
0.24,0.62,0.944360545749177
0.24,0.64,0.968270967968311
0.24,0.66,0.995967681591397
0.24,0.68,1.02744189995919
0.24,0.7,1.06268486785832
0.24,0.72,1.10168786138553
0.24,0.74,1.14444218781781
0.24,0.76,1.19093918548113
0.24,0.78,1.24117022361918
0.24,0.8,1.2951267022656
0.24,0.82,1.35280005211446
0.24,0.84,1.41418173439051
0.24,0.86,1.47926324072234
0.24,0.88,1.54803609301667
0.24,0.9,1.62049184332759
0.24,0.92,1.6966220737367
0.24,0.94,1.77641839622186
0.24,0.96,1.85987245253744
0.24,0.98,1.94697591408532
0.26,0,2.10759456992713
0.26,0.02,2.00949447153624
0.26,0.04,1.91547955498084
0.26,0.06,1.82554002568461
0.26,0.08,1.73966612466756
0.26,0.1,1.65784812840081
0.26,0.12,1.5800763486522
0.26,0.14,1.50634113233644
0.26,0.16,1.43663286135992
0.26,0.18,1.37094195248034
0.26,0.2,1.30925885715208
0.26,0.22,1.25157406138205
0.26,0.24,1.19787808557739
0.26,0.26,1.1481614844045
0.26,0.28,1.10241484664354
0.26,0.3,1.06062879503959
0.26,0.32,1.02279398616342
0.26,0.34,0.988901110260569
0.26,0.36,0.958940891117547
0.26,0.38,0.932904085914891
0.26,0.4,0.910781485087701
0.26,0.42,0.892563912181001
0.26,0.44,0.878242223716111
0.26,0.46,0.867807309047335
0.26,0.48,0.861250090224389
0.26,0.5,0.85856152185444
0.26,0.52,0.859732590963239
0.26,0.54,0.864754316863408
0.26,0.56,0.873617751013278
0.26,0.58,0.886313976886638
0.26,0.6,0.902834109830053
0.26,0.62,0.923169296939852
0.26,0.64,0.947310716922569
0.26,0.66,0.975249579961042
0.26,0.68,1.00697712758471
0.26,0.7,1.04248463254101
0.26,0.72,1.08176339866076
0.26,0.74,1.12480476072805
0.26,0.76,1.17160008435545
0.26,0.78,1.22214076584751
0.26,0.8,1.27641823208172
0.26,0.82,1.33442394037329
0.26,0.84,1.39614937835377
0.26,0.86,1.46158606384001
0.26,0.88,1.53072554471382
0.26,0.9,1.60355939879032
0.26,0.92,1.68007923370084
0.26,0.94,1.76027668676355
0.26,0.96,1.84414342486357
0.26,0.98,1.931671144325
0.28,0,2.08300530563642
0.28,0.02,1.98479621810426
0.28,0.04,1.89068249417244
0.28,0.06,1.80065437529674
0.28,0.08,1.71470213825305
0.28,0.1,1.63281609498188
0.28,0.12,1.55498659244499
0.28,0.14,1.48120401247138
0.28,0.16,1.41145877161234
0.28,0.18,1.34574132099332
0.28,0.2,1.28404214616684
0.28,0.22,1.22635176696716
0.28,0.24,1.17266073736644
0.28,0.26,1.1229596453263
0.28,0.28,1.07723911265951
0.28,0.3,1.03548979488331
0.28,0.32,0.997702381078551
0.28,0.34,0.963867593744451
0.28,0.36,0.93397618866613
0.28,0.38,0.908018954763712
0.28,0.4,0.885986713963442
0.28,0.42,0.867870321047753
0.28,0.44,0.853660663528028
0.28,0.46,0.843348661497524
0.28,0.48,0.836925267503718
0.28,0.5,0.834381466401903
0.28,0.52,0.835708275227706
0.28,0.54,0.84089674306002
0.28,0.56,0.849937950885875
0.28,0.58,0.862823011467778
0.28,0.6,0.879543069207689
0.28,0.62,0.900089300020995
0.28,0.64,0.924452911200521
0.28,0.66,0.952625141284928
0.28,0.68,0.984597259930288
0.28,0.7,1.02036056777899
0.28,0.72,1.05990639633556
0.28,0.74,1.10322610782924
0.28,0.76,1.1503110950947
0.28,0.78,1.20115278143713
0.28,0.8,1.25574262051551
0.28,0.82,1.31407209620449
0.28,0.84,1.37613272248071
0.28,0.86,1.4419160432881
0.28,0.88,1.51141363242172
0.28,0.9,1.58461709339797
0.28,0.92,1.66151805933738
0.28,0.94,1.74210819283408
0.28,0.96,1.82637918584533
0.28,0.98,1.91432275955708
0.3,0,2.05680177864357
0.3,0.02,1.95847411328311
0.3,0.04,1.86425201944905
0.3,0.06,1.77412577456483
0.3,0.08,1.68808569108585
0.3,0.1,1.60612211635598
0.3,0.12,1.52822543246001
0.3,0.14,1.45438605607507
0.3,0.16,1.38459443832534
0.3,0.18,1.31884106463756
0.3,0.2,1.25711645459455
0.3,0.22,1.19941116179255
0.3,0.24,1.14571577369704
0.3,0.26,1.09602091150055
0.3,0.28,1.05031722998084
0.3,0.3,1.00859541736185
0.3,0.32,0.970846195168314
0.3,0.34,0.937060318087708
0.3,0.36,0.907228573834604
0.3,0.38,0.881341783008248
0.3,0.4,0.859390798957847
0.3,0.42,0.841366507640512
0.3,0.44,0.827259827488754
0.3,0.46,0.817061709276585
0.3,0.48,0.810763135978834
0.3,0.5,0.808355122640371
0.3,0.52,0.80982871624078
0.3,0.54,0.815174995561761
0.3,0.56,0.824385071055268
0.3,0.58,0.83745008470955
0.3,0.6,0.854361209920805
0.3,0.62,0.87510965135913
0.3,0.64,0.899686644840607
0.3,0.66,0.928083457199306
0.3,0.68,0.960291386153186
0.3,0.7,0.996301760182543
0.3,0.72,1.03610593839901
0.3,0.74,1.07969531041625
0.3,0.76,1.12706129623194
0.3,0.78,1.1781953460897
0.3,0.8,1.23308894036725
0.3,0.82,1.29173358943993
0.3,0.84,1.35412083356707
0.3,0.86,1.42024224276063
0.3,0.88,1.49008941666774
0.3,0.9,1.56365398444566
0.3,0.92,1.64092760464224
0.3,0.94,1.72190196507148
0.3,0.96,1.80656878269986
0.3,0.98,1.89491980351704
0.32,0,2.02897319264726
0.32,0.02,1.93051736103338
0.32,0.04,1.83617733493346
0.32,0.06,1.74594342766469
0.32,0.08,1.65980598729628
0.32,0.1,1.57775539650488
0.32,0.12,1.49978207243285
0.32,0.14,1.42587646653634
0.32,0.16,1.35602906444412
0.32,0.18,1.29023038581928
0.32,0.2,1.22847098420588
0.32,0.22,1.17074144689558
0.32,0.24,1.11703239478359
0.32,0.26,1.06733448222473
0.32,0.28,1.02163839689785
0.32,0.3,0.979934859665875
0.32,0.32,0.942214624434097
0.32,0.34,0.908468478012428
0.32,0.36,0.878687239982084
0.32,0.38,0.852861762554797
0.32,0.4,0.830982930439455
0.32,0.42,0.813041660702627
0.32,0.44,0.799028902639201
0.32,0.46,0.788935637633736
0.32,0.48,0.782752879030663
0.32,0.5,0.780471671998217
0.32,0.52,0.782083093397244
0.32,0.54,0.787578251650468
0.32,0.56,0.796948286612498
0.32,0.58,0.810184369437756
0.32,0.6,0.827277702448514
0.32,0.62,0.848219519012206
0.32,0.64,0.873001083407588
0.32,0.66,0.901613690699081
0.32,0.68,0.934048666608397
0.32,0.7,0.970297367389565
0.32,0.72,1.0103511797027
0.32,0.74,1.05420152048746
0.32,0.76,1.10183983683806
0.32,0.78,1.15325760588029
0.32,0.8,1.20844633464886
0.32,0.82,1.26739755996126
0.32,0.84,1.330102848298
0.32,0.86,1.39655379567988
0.32,0.88,1.46674202754729
0.32,0.9,1.54065919863661
0.32,0.92,1.61829699286484
0.32,0.94,1.69964712320766
0.32,0.96,1.78470133158052
0.32,0.98,1.87345138871709
0.34,0,1.99950882855268
0.34,0.02,1.90091524233758
0.34,0.04,1.80644772157896
0.34,0.06,1.71609661542015
0.34,0.08,1.6298523074761
0.34,0.1,1.54770521569106
0.34,0.12,1.469645792194
0.34,0.14,1.39566452315604
0.34,0.16,1.32575192864583
0.34,0.18,1.25989856249189
0.34,0.2,1.19809501213723
0.34,0.22,1.14033189850385
0.34,0.24,1.08659987584835
0.34,0.26,1.03688963162464
0.34,0.28,0.991191886348364
0.34,0.3,0.949497393457082
0.34,0.32,0.911796939171097
0.34,0.34,0.878081342360619
0.34,0.36,0.848341454408495
0.34,0.38,0.822568159075973
0.34,0.4,0.800752372368856
0.34,0.42,0.782885042399826
0.34,0.44,0.768957149261524
0.34,0.46,0.758959704890707
0.34,0.48,0.752883752936771
0.34,0.5,0.750720368627982
0.34,0.52,0.752460658645825
0.34,0.54,0.758095760993821
0.34,0.56,0.767616844866349
0.34,0.58,0.781015110520568
0.34,0.6,0.798281789148177
0.34,0.62,0.819408142749472
0.34,0.64,0.844385464006891
0.34,0.66,0.873205076155214
0.34,0.68,0.905858332857242
0.34,0.7,0.942336618082851
0.34,0.72,0.982631345980038
0.34,0.74,1.02673396075194
0.34,0.76,1.07463593653364
0.34,0.78,1.12632877727127
0.34,0.8,1.18180401659849
0.34,0.82,1.24105321771381
0.34,0.84,1.30406797326116
0.34,0.86,1.37083990520989
0.34,0.88,1.44136066473511
0.34,0.9,1.51562193209592
0.34,0.92,1.59361541651898
0.34,0.94,1.67533285607945
0.34,0.96,1.76076601758672
0.34,0.98,1.8499066964614
0.36,0,1.96839804451059
0.36,0.02,1.86965711523545
0.36,0.04,1.77505253721139
0.36,0.06,1.68457469534145
0.36,0.08,1.59821400872056
0.36,0.1,1.51596093049168
0.36,0.12,1.43780594770836
0.36,0.14,1.36373958118705
0.36,0.16,1.2937523853727
0.36,0.18,1.22783494819507
0.36,0.2,1.16597789093086
0.36,0.22,1.10817186806574
0.36,0.24,1.05440756715653
0.36,0.26,1.0046757086905
0.36,0.28,0.958967045957745
0.36,0.3,0.917272364904345
0.36,0.32,0.879582484006362
0.36,0.34,0.845888254127457
0.36,0.36,0.816180558392002
0.36,0.38,0.790450312046973
0.36,0.4,0.768688462333334
0.36,0.42,0.750885988347817
0.36,0.44,0.737033900920439
0.36,0.46,0.727123242474923
0.36,0.48,0.721145086906105
0.36,0.5,0.719090539443334
0.36,0.52,0.72095073652692
0.36,0.54,0.726716845677683
0.36,0.56,0.736380065371526
0.36,0.58,0.749931624907407
0.36,0.6,0.76736278428676
0.36,0.62,0.788664834082263
0.36,0.64,0.813829095319797
0.36,0.66,0.842846919344759
0.36,0.68,0.875709687702904
0.36,0.7,0.912408812019233
0.36,0.72,0.952935733870941
0.36,0.74,0.997281924665104
0.36,0.76,1.04543888552107
0.36,0.78,1.09739814714335
0.36,0.8,1.1531512697074
0.36,0.82,1.21268984273372
0.36,0.84,1.27600548497242
0.36,0.86,1.34308984428392
0.36,0.88,1.4139345975178
0.36,0.9,1.48853145039707
0.36,0.92,1.56687213740288
0.36,0.94,1.64894842165313
0.36,0.96,1.73475209479028
0.36,0.98,1.82427497686488
0.38,0,1.93563027594969
0.38,0.02,1.83673241485694
0.38,0.04,1.7419812165598
0.38,0.06,1.65136710165647
0.38,0.08,1.56488052465459
0.38,0.1,1.48251197383277
0.38,0.12,1.40425197110121
0.38,0.14,1.33009107186098
0.38,0.16,1.2600198648651
0.38,0.18,1.1940289720831
0.38,0.2,1.13210904855947
0.38,0.22,1.07425078228266
0.38,0.24,1.02044489404475
0.38,0.26,0.970682137305162
0.38,0.28,0.924953298061786
0.38,0.3,0.883249194712012
0.38,0.32,0.845560677921135
0.38,0.34,0.811878630486846
0.38,0.36,0.782193967211601
0.38,0.38,0.756497634767898
0.38,0.4,0.734780611570142
0.38,0.42,0.717033907638926
0.38,0.44,0.70324856447815
0.38,0.46,0.693415654941399
0.38,0.48,0.687526283106753
0.38,0.5,0.685571584143051
0.38,0.52,0.687542724190717
0.38,0.54,0.693430900229382
0.38,0.56,0.703227339953588
0.38,0.58,0.716923301648289
0.38,0.6,0.734510074062161
0.38,0.62,0.755978976283831
0.38,0.64,0.781321357620906
0.38,0.66,0.810528597472402
0.38,0.68,0.84359210520845
0.38,0.7,0.880503320049673
0.38,0.72,0.921253710944597
0.38,0.74,0.965834776446961
0.38,0.76,1.01423804459963
0.38,0.78,1.06645507281074
0.38,0.8,1.1224774477375
0.38,0.82,1.18229678516656
0.38,0.84,1.24590472989661
0.38,0.86,1.3132929556182
0.38,0.88,1.38445316480227
0.38,0.9,1.45937708857792
0.38,0.92,1.53805648662257
0.38,0.94,1.62048314703893
0.38,0.96,1.7066488862494
0.38,0.98,1.79654554887369
0.4,0,1.90119503561597
0.4,0.02,1.80213065346269
0.4,0.04,1.70722327129834
0.4,0.06,1.61646334535109
0.4,0.08,1.52984136547724
0.4,0.1,1.44734785502652
0.4,0.12,1.3689733707036
0.4,0.14,1.29470850242801
0.4,0.16,1.2245438731997
0.4,0.18,1.15847013896329
0.4,0.2,1.09647798847044
0.4,0.22,1.03855814314821
0.4,0.24,0.984701356961221
0.4,0.26,0.93489841628002
0.4,0.28,0.889140139749876
0.4,0.3,0.847417378155423
0.4,0.32,0.809721014291643
0.4,0.34,0.776041962829347
0.4,0.36,0.746371170187353
0.4,0.38,0.720699614404084
0.4,0.4,0.699018305006527
0.4,0.42,0.681318282878235
0.4,0.44,0.667590620138752
0.4,0.46,0.657826420010561
0.4,0.48,0.652016816695391
0.4,0.5,0.650152975244518
0.4,0.52,0.652226091435785
0.4,0.54,0.658227391650463
0.4,0.56,0.668148132744286
0.4,0.58,0.681979601927389
0.4,0.6,0.699713116638121
0.4,0.62,0.721340024422842
0.4,0.64,0.74685170281273
0.4,0.66,0.776239559202961
0.4,0.68,0.809495030728808
0.4,0.7,0.846609584150818
0.4,0.72,0.887574715729922
0.4,0.74,0.932381951109628
0.4,0.76,0.981022845199027
0.4,0.78,1.03348898205289
0.4,0.8,1.08977197475355
0.4,0.82,1.1498634652966
0.4,0.84,1.21375512447132
0.4,0.86,1.28143865174436
0.4,0.88,1.3529057751507
0.4,0.9,1.42814825116781
0.4,0.92,1.50715786461312
0.4,0.94,1.5899264285207
0.4,0.96,1.67644578403322
0.4,0.98,1.76670780028722
0.42,0,1.86508191361068
0.42,0.02,1.76584142047954
0.42,0.04,1.67076829007941
0.42,0.06,1.57985301420338
0.42,0.08,1.4930861179944
0.42,0.1,1.41045815980885
0.42,0.12,1.33195973108221
0.42,0.14,1.25758145619304
0.42,0.16,1.18731399232287
0.42,0.18,1.12114802933161
0.42,0.2,1.0590742896151
0.42,0.22,1.00108352797749
0.42,0.24,0.947166531496145
0.42,0.26,0.8973141193904
0.42,0.28,0.851517142892637
0.42,0.3,0.809766485115112
0.42,0.32,0.772053060920539
0.42,0.34,0.738367816792763
0.42,0.36,0.708701730710293
0.42,0.38,0.683045812014306
0.42,0.4,0.661391101285949
0.42,0.42,0.643728670213787
0.42,0.44,0.630049621472762
0.42,0.46,0.620345088595883
0.42,0.48,0.614606235850456
0.42,0.5,0.612824258109918
0.42,0.52,0.614990380734475
0.42,0.54,0.621095859446248
0.42,0.56,0.63113198020576
0.42,0.58,0.645090059089582
0.42,0.6,0.662961442168705
0.42,0.62,0.684737505389261
0.42,0.64,0.710409654450787
0.42,0.66,0.739969324685115
0.42,0.68,0.773407980937132
0.42,0.7,0.810717117449123
0.42,0.72,0.851888257739174
0.42,0.74,0.896912954484432
0.42,0.76,0.945782789402519
0.42,0.78,0.99848937313805
0.42,0.8,1.0550243451447
0.42,0.82,1.11537937356825
0.42,0.84,1.17954615513385
0.42,0.86,1.24751641503009
0.42,0.88,1.31928190679688
0.42,0.9,1.39483441220835
0.42,0.92,1.47416574116443
0.42,0.94,1.55726773157348
0.42,0.96,1.64413224924631
0.42,0.98,1.73475118777972
0.44,0,1.8272805774371
0.44,0.02,1.72785438255014
0.44,0.04,1.63260593858295
0.44,0.06,1.54152577283228
0.44,0.08,1.4546044456649
0.44,0.1,1.37183255038143
0.44,0.12,1.29320071308857
0.44,0.14,1.21869959255803
0.44,0.16,1.14831988009701
0.44,0.18,1.08205229941533
0.44,0.2,1.01988760649498
0.44,0.22,0.961816589455876
0.44,0.24,0.907830068427901
0.44,0.26,0.857918895418796
0.44,0.28,0.812073954189221
0.44,0.3,0.770286160117365
0.44,0.32,0.732546460078318
0.44,0.34,0.698845832307727
0.44,0.36,0.669175286282764
0.44,0.38,0.643525862592226
0.44,0.4,0.621888632812125
0.44,0.42,0.604254699376466
0.44,0.44,0.590615195459776
0.44,0.46,0.580961284845508
0.44,0.48,0.575284161810178
0.44,0.5,0.573575050991042
0.44,0.52,0.575825207274214
0.44,0.54,0.582025915664681
0.44,0.56,0.592168491170217
0.44,0.58,0.606244278679312
0.44,0.6,0.62424465283803
0.44,0.62,0.646161017934069
0.44,0.64,0.671984807780534
0.44,0.66,0.701707485589803
0.44,0.68,0.735320543859465
0.44,0.7,0.772815504258367
0.44,0.72,0.814183917505564
0.44,0.74,0.85941736325476
0.44,0.76,0.908507449978827
0.44,0.78,0.961445814856815
0.44,0.8,1.0182241236561
0.44,0.82,1.07883407061925
0.44,0.84,1.14326737835269
0.44,0.86,1.21151579771006
0.44,0.88,1.28357110768231
0.44,0.9,1.35942511528533
0.44,0.92,1.43906965544648
0.44,0.94,1.52249659089514
0.44,0.96,1.60969781205528
0.44,0.98,1.70066523692732
0.46,0,1.78778077204113
0.46,0.02,1.68815928357063
0.46,0.04,1.59272595955613
0.46,0.06,1.50147136273733
0.46,0.08,1.41438608864188
0.46,0.1,1.33146076545709
0.46,0.12,1.25268605389585
0.46,0.14,1.17805264706649
0.46,0.16,1.1075512703382
0.46,0.18,1.04117268121475
0.46,0.2,0.978907669200197
0.46,0.22,0.920747055673873
0.46,0.24,0.86668169375812
0.46,0.26,0.816702468191001
0.46,0.28,0.770800295200061
0.46,0.3,0.728966122374872
0.46,0.32,0.691190928540682
0.46,0.34,0.65746572362814
0.46,0.36,0.62778154855783
0.46,0.38,0.602129475105434
0.46,0.4,0.580500605784755
0.46,0.42,0.56288607371931
0.46,0.44,0.549277042522951
0.46,0.46,0.53966470617667
0.46,0.48,0.534040288906783
0.46,0.5,0.532395045060046
0.46,0.52,0.534720258988841
0.46,0.54,0.541007244927982
0.46,0.56,0.551247346875939
0.46,0.58,0.565431938474525
0.46,0.6,0.58355242289037
0.46,0.62,0.605600232700241
0.46,0.64,0.631566829770413
0.46,0.66,0.661443705140762
0.46,0.68,0.69522237890754
0.46,0.7,0.732894400108959
0.46,0.72,0.774451346610363
0.46,0.74,0.819884824988664
0.46,0.76,0.869186470416273
0.46,0.78,0.922347946551561
0.46,0.8,0.979360945420706
0.46,0.82,1.04021718731138
0.46,0.84,1.10490842065473
0.46,0.86,1.17342642191474
0.46,0.88,1.24576299548161
0.46,0.9,1.32190997355531
0.46,0.92,1.40185921604131
0.46,0.94,1.4856026104339
0.46,0.96,1.57313207171421
0.46,0.98,1.66443954223705
0.48,0,1.74657231985888
0.48,0.02,1.64674594473759
0.48,0.04,1.55111817285954
0.48,0.06,1.459679602343
0.48,0.08,1.37242086381933
0.48,0.1,1.28933262029958
0.48,0.12,1.21040556704708
0.48,0.14,1.13563043144391
0.48,0.16,1.06499797286339
0.48,0.18,0.998498982543937
0.48,0.2,0.936124283454742
0.48,0.22,0.877864730173967
0.48,0.24,0.823711208759072
0.48,0.26,0.773654636619176
0.48,0.28,0.727685962394933
0.48,0.3,0.685796165825805
0.48,0.32,0.647976257631147
0.48,0.34,0.614217279381326
0.48,0.36,0.584510303378529
0.48,0.38,0.558846432533029
0.48,0.4,0.537216800238525
0.48,0.42,0.519612570251703
0.48,0.44,0.506024936570937
0.48,0.46,0.496445123315629
0.48,0.48,0.490864384608233
0.48,0.5,0.489274004448912
0.48,0.52,0.491665296601792
0.48,0.54,0.498029604474736
0.48,0.56,0.508358300999914
0.48,0.58,0.522642788521905
0.48,0.6,0.540874498671725
0.48,0.62,0.563044892256744
0.48,0.64,0.589145459145901
0.48,0.66,0.619167718151527
0.48,0.68,0.653103216911549
0.48,0.7,0.690943531782351
0.48,0.72,0.732680267720658
0.48,0.74,0.778305058170644
0.48,0.76,0.827809564952254
0.48,0.78,0.881185478148447
0.48,0.8,0.938424515993633
0.48,0.82,0.999518424761583
0.48,0.84,1.06445897865653
0.48,0.86,1.13323797970208
0.48,0.88,1.20584725763211
0.48,0.9,1.2822786697797
0.48,0.92,1.36252410097088
0.48,0.94,1.44657546341431
0.48,0.96,1.53442469659768
0.48,0.98,1.62606376717329
0.5,0,1.70364512086568
0.5,0.02,1.60360426460112
0.5,0.04,1.50777247551524
0.5,0.06,1.41614038705073
0.5,0.08,1.32869866487827
0.5,0.1,1.24543800677642
0.5,0.12,1.166349142499
0.5,0.14,1.09142283364615
0.5,0.16,1.02064987353499
0.5,0.18,0.95402108708028
0.5,0.2,0.891527330659586
0.5,0.22,0.833159491993791
0.5,0.24,0.77890849001613
0.5,0.26,0.728765274751968
0.5,0.28,0.682720827194786
0.5,0.3,0.640766159180499
0.5,0.32,0.602892313265802
0.5,0.34,0.569090362602786
0.5,0.36,0.539351410822446
0.5,0.38,0.513666591911167
0.5,0.4,0.492027070088769
0.5,0.42,0.474424039687001
0.5,0.44,0.460848725035749
0.5,0.46,0.451292380338595
0.5,0.48,0.44574628955796
0.5,0.5,0.44420176629128
0.5,0.52,0.446650153660707
0.5,0.54,0.453082824194023
0.5,0.56,0.463491179704218
0.5,0.58,0.477866651179489
0.5,0.6,0.496200698663385
0.5,0.62,0.518484811142812
0.5,0.64,0.544710506432808
0.5,0.66,0.574869331063637
0.5,0.68,0.608952860163196
0.5,0.7,0.646952697352215
0.5,0.72,0.688860474624968
0.5,0.74,0.73466785224203
0.5,0.76,0.78436651861459
0.5,0.78,0.837948190198619
0.5,0.8,0.895404611382546
0.5,0.82,0.95672755437656
0.5,0.84,1.02190881910392
0.5,0.86,1.09094023309441
0.5,0.88,1.16381365137308
0.5,0.9,1.24052095635275
0.5,0.92,1.3210540577316
0.5,0.94,1.40540489237746
0.5,0.96,1.4935654242308
0.5,0.98,1.58552764419249
0.52,0,1.65898915263026
0.52,0.02,1.5587242191131
0.52,0.04,1.46267884176392
0.52,0.06,1.37084368928669
0.52,0.08,1.28320946233989
0.52,0.1,1.19976689340872
0.52,0.12,1.12050674667951
0.52,0.14,1.04541981791176
0.52,0.16,0.974496934312908
0.52,0.18,0.907728954415807
0.52,0.2,0.845106767949388
0.52,0.22,0.786621295718657
0.52,0.24,0.73226348948035
0.52,0.26,0.68202433181752
0.52,0.28,0.635894836022891
0.52,0.3,0.593866045970585
0.52,0.32,0.555929036001034
0.52,0.34,0.522074910792494
0.52,0.36,0.492294805250555
0.52,0.38,0.466579884380751
0.52,0.4,0.444921343175654
0.52,0.42,0.427310406488979
0.52,0.44,0.413738328926416
0.52,0.46,0.404196394720316
0.52,0.48,0.398675917619925
0.52,0.5,0.397168240768312
0.52,0.52,0.399664736590658
0.52,0.54,0.40615680667843
0.52,0.56,0.416635881674201
0.52,0.58,0.431093421158337
0.52,0.6,0.449520913531135
0.52,0.62,0.471909875906349
0.52,0.64,0.498251853993158
0.52,0.66,0.52853842198703
0.52,0.68,0.562761182452596
0.52,0.7,0.600911766221991
0.52,0.72,0.642981832275533
0.52,0.74,0.68896306763504
0.52,0.76,0.7388471872557
0.52,0.78,0.792625933911658
0.52,0.8,0.850291078092341
0.52,0.82,0.911834417893367
0.52,0.84,0.977247778905523
0.52,0.86,1.0465230141116
0.52,0.88,1.11965200377741
0.52,0.9,1.19662665534533
0.52,0.92,1.27743890332904
0.52,0.94,1.36208070920858
0.52,0.96,1.45054406132536
0.52,0.98,1.54282097477554
0.54,0,1.61259447036298
0.54,0.02,1.51209586167865
0.54,0.04,1.41582732310603
0.54,0.06,1.32377955855615
0.54,0.08,1.23594330361484
0.54,0.1,1.15230932541843
0.54,0.12,1.07286842252883
0.54,0.14,0.9976114248104
0.54,0.16,0.926529193302574
0.54,0.18,0.859612620100988
0.54,0.2,0.796852628230725
0.54,0.22,0.738240171526841
0.54,0.24,0.683766234512677
0.54,0.26,0.6334218322748
0.54,0.28,0.587198010348243
0.54,0.3,0.545085844594267
0.54,0.32,0.507076441079996
0.54,0.34,0.473160935956893
0.54,0.36,0.443330495349407
0.54,0.38,0.417576315231845
0.54,0.4,0.395889621311884
0.54,0.42,0.378261668914259
0.54,0.44,0.364683742864936
0.54,0.46,0.35514715737397
0.54,0.48,0.349643255924382
0.54,0.5,0.348163411149259
0.54,0.52,0.35069902472668
0.54,0.54,0.357241527259158
0.54,0.56,0.367782378164578
0.54,0.58,0.382313065563897
0.54,0.6,0.400825106162756
0.54,0.62,0.423310045147921
0.54,0.64,0.449759456071521
0.54,0.66,0.480164940741784
0.54,0.68,0.51451812910972
0.54,0.7,0.552810679165715
0.54,0.72,0.595034276824955
0.54,0.74,0.641180635820853
0.54,0.76,0.691241497597088
0.54,0.78,0.745208631196393
0.54,0.8,0.803073833160291
0.54,0.82,0.864828927415382
0.54,0.84,0.930465765171249
0.54,0.86,0.999976224810878
0.54,0.88,1.07335221179165
0.54,0.9,1.15058565853241
0.54,0.92,1.23166852431518
0.54,0.94,1.31659279517725
0.54,0.96,1.40535048381271
0.54,0.98,1.4979336294624
0.56,0,1.56445120697496
0.56,0.02,1.46370932321408
0.56,0.04,1.36720804836777
0.56,0.06,1.27493812149747
0.56,0.08,1.18689031305951
0.56,0.1,1.10305542478655
0.56,0.12,1.02342428956191
0.56,0.14,0.94798777129733
0.56,0.16,0.876736764810158
0.56,0.18,0.809662195704837
0.56,0.2,0.746755020246289
0.56,0.22,0.688006225246536
0.56,0.24,0.633406827939555
0.56,0.26,0.58294787586281
0.56,0.28,0.536620446742016
0.56,0.3,0.494415648368428
0.56,0.32,0.456324618483317
0.56,0.34,0.422338524659438
0.56,0.36,0.392448564186108
0.56,0.38,0.366645963952165
0.56,0.4,0.344921980330733
0.56,0.42,0.32726789906232
0.56,0.44,0.313675035141559
0.56,0.46,0.304134732704842
0.56,0.48,0.298638364914959
0.56,0.5,0.297177333844877
0.56,0.52,0.299743070370898
0.56,0.54,0.306327034057543
0.56,0.56,0.316920713046321
0.56,0.58,0.331515623945141
0.56,0.6,0.35010331171486
0.56,0.62,0.372675349564389
0.56,0.64,0.399223338837641
0.56,0.66,0.429738908903709
0.56,0.68,0.464213717049368
0.56,0.7,0.502639448372443
0.56,0.72,0.545007815672631
0.56,0.74,0.591310559342932
0.56,0.76,0.641539447266205
0.56,0.78,0.69568627470379
0.56,0.8,0.753742864196964
0.56,0.82,0.815701065454418
0.56,0.84,0.881552755252818
0.56,0.86,0.951289837327781
0.56,0.88,1.02490424227508
0.56,0.9,1.10238792744117
0.56,0.92,1.18373287682554
0.56,0.94,1.2689311009756
0.56,0.96,1.35797463688478
0.56,0.98,1.45085554789024
0.58,0,1.51454957313435
0.58,0.02,1.41355481220338
0.58,0.04,1.31681122375246
0.58,0.06,1.22430958193746
0.58,0.08,1.13604069203248
0.58,0.1,1.05199539030922
0.58,0.12,0.97216454391973
0.58,0.14,0.896539050769401
0.58,0.16,0.825109839397247
0.58,0.18,0.75786786886364
0.58,0.2,0.694804128621955
0.58,0.22,0.635909638404716
0.58,0.24,0.581175448106
0.58,0.26,0.530592637659838
0.58,0.28,0.484152316928048
0.58,0.3,0.441845625581475
0.58,0.32,0.403663732984367
0.58,0.34,0.369597838074962
0.58,0.36,0.339639169257534
0.58,0.38,0.313778984283446
0.58,0.4,0.292008570139013
0.58,0.42,0.274319242927543
0.58,0.44,0.260702347763915
0.58,0.46,0.25114925865678
0.58,0.48,0.245651378397947
0.58,0.5,0.244200138450391
0.58,0.52,0.2467869988373
0.58,0.54,0.253403448032958
0.58,0.56,0.264041002852182
0.58,0.58,0.278691208340947
0.58,0.6,0.29734563766267
0.58,0.62,0.31999589199925
0.58,0.64,0.346633600434828
0.58,0.66,0.377250419850766
0.58,0.68,0.411838034818274
0.58,0.7,0.450388157493438
0.58,0.72,0.492892527509192
0.58,0.74,0.539342911870088
0.58,0.76,0.58973110484699
0.58,0.78,0.644048927870144
0.58,0.8,0.702288229431907
0.58,0.82,0.764440884973437
0.58,0.84,0.830498796788564
0.58,0.86,0.90045389391531
0.58,0.88,0.974298132039261
0.58,0.9,1.05202349338565
0.58,0.92,1.13362198662358
0.58,0.94,1.21908564675722
0.58,0.96,1.30840653503355
0.58,0.98,1.40157673883587
0.6,0,1.46287985732999
0.6,0.02,1.36162261475981
0.6,0.04,1.2646271329032
0.6,0.06,1.17188422095466
0.6,0.08,1.08338471895352
0.6,0.1,0.99911949765737
0.6,0.12,0.919079458432257
0.6,0.14,0.843255533122735
0.6,0.16,0.771638683940924
0.6,0.18,0.704219903346838
0.6,0.2,0.640990213929266
0.6,0.22,0.58194066829199
0.6,0.24,0.527062348933879
0.6,0.26,0.476346368135309
0.6,0.28,0.429783867842801
0.6,0.3,0.387366019553781
0.6,0.32,0.349084024203139
0.6,0.34,0.314929112045884
0.6,0.36,0.2848925425492
0.6,0.38,0.258965604274197
0.6,0.4,0.237139614770384
0.6,0.42,0.219405920455336
0.6,0.44,0.20575589651135
0.6,0.46,0.196180946768031
0.6,0.48,0.190672503599379
0.6,0.5,0.189222027803747
0.6,0.52,0.191821008503335
0.6,0.54,0.198460963034432
0.6,0.56,0.209133436831349
0.6,0.58,0.223830003330557
0.6,0.6,0.242542263848378
0.6,0.62,0.265261847489704
0.6,0.64,0.29198041102848
0.6,0.66,0.322689638811453
0.6,0.68,0.357381242642129
0.6,0.7,0.39604696168789
0.6,0.72,0.438678562364962
0.6,0.74,0.485267838239477
0.6,0.76,0.535806609922796
0.6,0.78,0.590286724966001
0.6,0.8,0.648700057761026
0.6,0.82,0.711038509434166
0.6,0.84,0.7772940077468
0.6,0.86,0.847458506992878
0.6,0.88,0.921523987897961
0.6,0.9,0.999482457518016
0.6,0.92,1.08132594914006
0.6,0.94,1.16704652218204
0.6,0.96,1.25663626209248
0.6,0.98,1.35008728025333
0.62,0,1.40943242592881
0.62,0.02,1.30790309468648
0.62,0.04,1.2106461369614
0.62,0.06,1.11765239693844
0.62,0.08,1.02891274936504
0.62,0.1,0.944418099435174
0.62,0.12,0.86415938267303
0.62,0.14,0.788127564814985
0.62,0.16,0.71631364168995
0.62,0.18,0.648708639108471
0.62,0.2,0.585303612742322
0.62,0.22,0.526089648013817
0.62,0.24,0.471057859978553
0.62,0.26,0.420199393208661
0.62,0.28,0.373505421687635
0.62,0.3,0.330967148687035
0.62,0.32,0.292575806663189
0.62,0.34,0.258322657135296
0.62,0.36,0.228198990584089
0.62,0.38,0.20219612633303
0.62,0.4,0.180305412441771
0.62,0.42,0.162518225593248
0.62,0.44,0.148825970985762
0.62,0.46,0.139220082224684
0.62,0.48,0.133692021211095
0.62,0.5,0.132233278035605
0.62,0.52,0.134835370867595
0.62,0.54,0.141489845852699
0.62,0.56,0.152188277001057
0.62,0.58,0.166922266087263
0.62,0.6,0.18568344253395
0.62,0.62,0.208463463318153
0.62,0.64,0.235254012858135
0.62,0.66,0.266046802914265
0.62,0.68,0.300833572477187
0.62,0.7,0.339606087672777
0.62,0.72,0.382356141656745
0.62,0.74,0.429075554506245
0.62,0.76,0.47975617312648
0.62,0.78,0.534389871138161
0.62,0.8,0.592968548788791
0.62,0.82,0.655484132839596
0.62,0.84,0.721928576473433
0.62,0.86,0.792293859188757
0.62,0.88,0.866571986707396
0.62,0.9,0.944754990865086
0.62,0.92,1.02683492952228
0.62,0.94,1.11280388645805
0.62,0.96,1.20265397128109
0.62,0.98,1.29637731932052
0.64,0,1.35419772324452
0.64,0.02,1.25238669354006
0.64,0.04,1.15485867463669
0.64,0.06,1.06160454565297
0.64,0.08,0.972615215996181
0.64,0.1,0.887881625243851
0.64,0.12,0.807394743029206
0.64,0.14,0.731145568925386
0.64,0.16,0.659125132330227
0.64,0.18,0.591324492353216
0.64,0.2,0.527734737699449
0.64,0.22,0.46834698655808
0.64,0.24,0.413152386490776
0.64,0.26,0.362142114314077
0.64,0.28,0.315307375994575
0.64,0.3,0.272639406531386
0.64,0.32,0.234129469851323
0.64,0.34,0.199768858690648
0.64,0.36,0.169548894491695
0.64,0.38,0.143460927290252
0.64,0.4,0.121496335610685
0.64,0.42,0.103646526350178
0.64,0.44,0.089902934676043
0.64,0.46,0.0802570239173563
0.64,0.48,0.0747002854580905
0.64,0.5,0.0732242386283468
0.64,0.52,0.0758204305985569
0.64,0.54,0.0824804362768962
0.64,0.56,0.0931958581999242
0.64,0.58,0.107958326431841
0.64,0.6,0.126759498454211
0.64,0.62,0.149591059068819
0.64,0.64,0.176444720290088
0.64,0.66,0.207312221243418
0.64,0.68,0.242185328059934
0.64,0.7,0.281055833778778
0.64,0.72,0.323915558242679
0.64,0.74,0.37075634799711
0.64,0.76,0.421570076190027
0.64,0.78,0.47634864246867
0.64,0.8,0.535083972884373
0.64,0.82,0.5977680197898
0.64,0.84,0.664392761739878
0.64,0.86,0.73495020339335
0.64,0.88,0.809432375417581
0.64,0.9,0.887831334382947
0.64,0.92,0.970139162676896
0.64,0.94,1.05634796839406
0.64,0.96,1.14644988525203
0.64,0.98,1.24043707248279
0.66,0,1.29716627160138
0.66,0.02,1.1950639306989
0.66,0.04,1.09725526226436
0.66,0.06,1.00373118030214
0.66,0.08,0.91448262882656
0.66,0.1,0.829500581748192
0.66,0.12,0.748776042759023
0.66,0.14,0.672300045221094
0.66,0.16,0.600063652048192
0.66,0.18,0.532057955600332
0.66,0.2,0.468274077565073
0.66,0.22,0.408703168852163
0.66,0.24,0.353336409478781
0.66,0.26,0.302165008455072
0.66,0.28,0.255180203683643
0.66,0.3,0.21237326184278
0.66,0.32,0.173735478279982
0.66,0.34,0.139258176898726
0.66,0.36,0.108932710058178
0.66,0.38,0.0827504584569638
0.66,0.4,0.0607028310351761
0.66,0.42,0.0427812648559067
0.66,0.44,0.0289772250086054
0.66,0.46,0.0192822044990812
0.66,0.48,0.0136877241462874
0.66,0.5,0.0121853324713695
0.66,0.52,0.014766605598485
0.66,0.54,0.0214231471514025
0.66,0.56,0.0321465881455574
0.66,0.58,0.0469285868889593
0.66,0.6,0.065760828874147
0.66,0.62,0.0886350266802119
0.66,0.64,0.115542919870937
0.66,0.66,0.146476274891359
0.66,0.68,0.181426884965353
0.66,0.7,0.220386569997319
0.66,0.72,0.263347176473603
0.66,0.74,0.310300577358759
0.66,0.76,0.361238671998357
0.66,0.78,0.41615338601828
0.66,0.8,0.475036671230256
0.66,0.82,0.537880505527713
0.66,0.84,0.604676892795225
0.66,0.86,0.67541786280354
0.66,0.88,0.750095471118982
0.66,0.9,0.828701799003606
0.66,0.92,0.911228953321547
0.66,0.94,0.997669066439196
0.66,0.96,1.08801429613597
0.66,0.98,1.18225682550351
0.68,0,1.23832867141029
0.68,0.02,1.13592540343543
0.68,0.04,1.03782649388653
0.68,0.06,0.944022891603539
0.68,0.08,0.85450557515989
0.68,0.1,0.769265552747198
0.68,0.12,0.688293862070034
0.68,0.14,0.611581570225874
0.68,0.16,0.539119773600009
0.68,0.18,0.470899597751621
0.68,0.2,0.406912197305328
0.68,0.22,0.347148755839058
0.68,0.24,0.29160048577827
0.68,0.26,0.240258628280376
0.68,0.28,0.193114453136526
0.68,0.3,0.15015925865293
0.68,0.32,0.111384371553187
0.68,0.34,0.0767811468604875
0.68,0.36,0.0463409678013103
0.68,0.38,0.0200552456925185
0.68,0.4,2.08E-03
0.68,0.42,0.0200870425724861
0.68,0.44,0.0339606465798251
0.68,0.46,0.0437138695464816
0.68,0.48,0.0493551612683808
0.68,0.5,0.0508929440754362
0.68,0.52,0.0483356129372104
0.68,0.54,0.0416915355614692
0.68,0.56,0.0309690525013424
0.68,0.58,0.0161764772502136
0.68,0.6,2.68E-03
0.68,0.62,0.0255858305074008
0.68,0.64,0.0525390703917619
0.68,0.66,0.0835294170205975
0.68,0.68,0.118548690663389
0.68,0.7,0.157588738047046
0.68,0.72,0.20064143225308
0.68,0.74,0.247698672619863
0.68,0.76,0.298752384645846
0.68,0.78,0.353794519889982
0.68,0.8,0.412817055876833
0.68,0.82,0.475811995999424
0.68,0.84,0.542771369420725
0.68,0.86,0.613687230981434
0.68,0.88,0.688551661102677
0.68,0.9,0.767356765689173
0.68,0.92,0.85009467603909
0.68,0.94,0.936757548743385
0.68,0.96,1.02733756560073
0.68,0.98,1.1218269335125
0.7,0,1.17767560123191
0.7,0.02,1.07496178698072
0.7,0.04,0.976563041312521
0.7,0.06,0.882470347854066
0.7,0.08,0.792674719686735
0.7,0.1,0.707167199239582
0.7,0.12,0.625938858175881
0.7,0.14,0.548980797287107
0.7,0.16,0.476284146376486
0.7,0.18,0.407840064158671
0.7,0.2,0.343639738143364
0.7,0.22,0.283674384533792
0.7,0.24,0.227935248114181
0.7,0.26,0.176413602143106
0.7,0.28,0.129100748251491
0.7,0.3,0.0859880163298546
0.7,0.32,0.0470667644285081
0.7,0.34,0.0123283786447856
0.7,0.36,0.0182357269735632
0.7,0.38,0.0446341105394775
0.7,0.4,0.0668753024253667
0.7,0.42,0.0849678053715413
0.7,0.44,0.0989200945872528
0.7,0.46,0.108740617851991
0.7,0.48,0.114437795619262
0.7,0.5,0.116020021119276
0.7,0.52,0.113495660459542
0.7,0.54,0.106873052725867
0.7,0.56,0.0961605100830081
0.7,0.58,0.0813663178729646
0.7,0.6,0.0624987347189028
0.7,0.62,0.0395659926225913
0.7,0.64,0.0125762970601786
0.7,0.66,0.0184621729156441
0.7,0.68,0.0535412645753249
0.7,0.7,0.0926528514219988
0.7,0.72,0.135788833089314
0.7,0.74,0.18294113524349
0.7,0.76,0.234101709491087
0.7,0.78,0.289262533278001
0.7,0.8,0.348415609800471
0.7,0.82,0.411552967901324
0.7,0.84,0.478666661982404
0.7,0.86,0.549748771906798
0.7,0.88,0.62479140290635
0.7,0.9,0.703786685483755
0.7,0.92,0.786726775325258
0.7,0.94,0.873603853205029
0.7,0.96,0.964410124892262
0.7,0.98,1.05913782105898
0.72,0,1.1151978178584
0.72,0.02,1.01216383460587
0.72,0.04,0.913455654199484
0.72,0.06,0.819064295005098
0.72,0.08,0.728980804565817
0.72,0.1,0.64319625949907
0.72,0.12,0.56170176538228
0.72,0.14,0.48448845665001
0.72,0.16,0.411547496480061
0.72,0.18,0.342870076693278
0.72,0.2,0.278447417641472
0.72,0.22,0.218270768102787
0.72,0.24,0.162331405177151
0.72,0.26,0.110620634175923
0.72,0.28,0.063129788525302
0.72,0.3,0.0198502296528287
0.72,0.32,0.0192266531082739
0.72,0.34,0.0541094426330613
0.72,0.36,0.0848066940988272
0.72,0.38,0.111326935091945
0.72,0.4,0.133678665708891
0.72,0.42,0.151870358661882
0.72,0.44,0.165910459375536
0.72,0.46,0.175807386090595
0.72,0.48,0.18156952996292
0.72,0.5,0.183205255169181
0.72,0.52,0.18072289899953
0.72,0.54,0.174130771960204
0.72,0.56,0.163437157873434
0.72,0.58,0.148650313974363
0.72,0.6,0.129778471011465
0.72,0.62,0.106829833343039
0.72,0.64,0.0798125790313679
0.72,0.66,0.0487348599470752
0.72,0.68,0.0136048018606456
0.72,0.7,0.0255694954627219
0.72,0.72,0.0687799581623227
0.72,0.74,0.116018538191915
0.72,0.76,0.167277213218519
0.72,0.78,0.222547986535475
0.72,0.8,0.281822886961322
0.72,0.82,0.345093968748458
0.72,0.84,0.412353311493541
0.72,0.86,0.483593020036064
0.72,0.88,0.558805224375524
0.72,0.9,0.637982079569701
0.72,0.92,0.721115765651387
0.72,0.94,0.808198487528181
0.72,0.96,0.899222474901476
0.72,0.98,0.994179982165156
0.74,0,1.05088615638357
0.74,0.02,0.947522377690522
0.74,0.04,0.848495160121888
0.74,0.06,0.753795556736842
0.74,0.08,0.663414649492853
0.74,0.1,0.577343549147689
0.74,0.12,0.495573395149438
0.74,0.14,0.41809535552887
0.74,0.16,0.344900626792617
0.74,0.18,0.275980433823325
0.74,0.2,0.211326029765882
0.74,0.22,0.15092869593156
0.74,0.24,0.0947797416885024
0.74,0.26,0.0428705043571264
0.74,0.28,4.81E-03
0.74,0.3,0.048263331121899
0.74,0.32,0.087505115779301
0.74,0.34,0.122541556750381
0.74,0.36,0.153381178480644
0.74,0.38,0.180032478075583
0.74,0.4,0.20250392540016
0.74,0.42,0.220803963179979
0.74,0.44,0.234941007102688
0.74,0.46,0.244923445913434
0.74,0.48,0.250759641515775
0.74,0.5,0.252457929072209
0.74,0.52,0.250026617101997
0.74,0.54,0.243473987575956
0.74,0.56,0.232808296018031
0.74,0.58,0.218037771598193
0.74,0.6,0.199170617235209
0.74,0.62,0.176215009686386
0.74,0.64,0.149179099645943
0.74,0.66,0.118071011841657
0.74,0.68,0.0828988451310332
0.74,0.7,0.0436706725918309
0.74,0.72,3.95E-04
0.74,0.74,0.0469215259808297
0.74,0.76,0.0982695338980239
0.74,0.78,0.153641511224078
0.74,0.8,0.213029512360325
0.74,0.82,0.276425616925996
0.74,0.84,0.343821929665557
0.74,0.86,0.41521058035659
0.74,0.88,0.490583723721066
0.74,0.9,0.569933539328258
0.74,0.92,0.65325223151262
0.74,0.94,0.740532029277637
0.74,0.96,0.831765186208353
0.74,0.98,0.92694398038068
0.76,0,0.984731530289753
0.76,0.02,0.881028325810364
0.76,0.04,0.781672464659593
0.76,0.06,0.686655034539079
0.76,0.08,0.595967151781406
0.76,0.1,0.509599961237186
0.76,0.12,0.427544636179237
0.76,0.14,0.3497923781896
0.76,0.16,0.276334417060232
0.76,0.18,0.207162010687461
0.76,0.2,0.142266444970479
0.76,0.22,0.081639033704431
0.76,0.24,0.0252711184845461
0.76,0.26,0.026845931405555
0.76,0.28,0.0747207190836501
0.76,0.3,0.118361820181123
0.76,0.32,0.157777782933642
0.76,0.34,0.192977128293846
0.76,0.36,0.223968350018154
0.76,0.38,0.250759914776459
0.76,0.4,0.273360262243705
0.76,0.42,0.291777805205823
0.76,0.44,0.306020929652189
0.76,0.46,0.316097994876851
0.76,0.48,0.322017333573589
0.76,0.5,0.323787251936413
0.76,0.52,0.321416029754848
0.76,0.54,0.314911920506691
0.76,0.56,0.304283151460692
0.76,0.58,0.289537923764537
0.76,0.6,0.270684412549394
0.76,0.62,0.247730767014745
0.76,0.64,0.220685110529219
0.76,0.66,0.189555540720851
0.76,0.68,0.154350129577047
0.76,0.7,0.115076923527905
0.76,0.72,0.0717439435476904
0.76,0.74,0.0243591852431941
0.76,0.76,0.027069381051955
0.76,0.78,0.0825338101891388
0.76,0.8,0.14202618211066
0.76,0.82,0.205538601757465
0.76,0.84,0.273063198982632
0.76,0.86,0.344592128456106
0.76,0.88,0.420117569581225
0.76,0.9,0.499631726397909
0.76,0.92,0.583126827500452
0.76,0.94,0.670595125942254
0.76,0.96,0.762028899153893
0.76,0.98,0.857420448849136
0.78,0,0.916724931521975
0.78,0.02,0.812672666812622
0.78,0.04,0.712978551467292
0.78,0.06,0.617633707792568
0.78,0.08,0.526629286443879
0.78,0.1,0.439956466325312
0.78,0.12,0.357606454487676
0.78,0.14,0.279570486023484
0.78,0.16,0.205839823962728
0.78,0.18,0.136405759176642
0.78,0.2,0.07125961026814
0.78,0.22,0.0103927234799522
0.78,0.24,0.0462035274145647
0.78,0.26,0.0985377412078181
0.78,0.28,0.146618489356075
0.78,0.3,0.190454316083504
0.78,0.32,0.230053738476853
0.78,0.34,0.26542524659084
0.78,0.36,0.296577303537132
0.78,0.38,0.323518345589827
0.78,0.4,0.34625678227814
0.78,0.42,0.364800996488825
0.78,0.44,0.379159344558492
0.78,0.46,0.389340156369901
0.78,0.48,0.395351735450221
0.78,0.5,0.397202359065676
0.78,0.52,0.394900278318002
0.78,0.54,0.388453718236624
0.78,0.56,0.377870877874428
0.78,0.58,0.363159930400267
0.78,0.6,0.344329023197858
0.78,0.62,0.321386277952812
0.78,0.64,0.29433979074631
0.78,0.66,0.263197632152293
0.78,0.68,0.22796784732668
0.78,0.7,0.18865845609666
0.78,0.72,0.145277453054898
0.78,0.74,0.0978328076510624
0.78,0.76,0.0463324642822854
0.78,0.78,9.22E-03
0.78,0.8,0.0688036634952345
0.78,0.82,0.132423683566949
0.78,0.84,0.200067872753443
0.78,0.86,0.271728410579549
0.78,0.88,0.347397501085358
0.78,0.9,0.427067372739483
0.78,0.92,0.510730278354478
0.78,0.94,0.598378494994476
0.78,0.96,0.690004323892678
0.78,0.98,0.785600090358217
0.8,0,0.846857430575309
0.8,0.02,0.742446466899234
0.8,0.04,0.642404482367896
0.8,0.06,0.54672263384585
0.8,0.08,0.455392106271105
0.8,0.1,0.368404112557601
0.8,0.12,0.285749893490725
0.8,0.14,0.207420717630078
0.8,0.16,0.133407881201869
0.8,0.18,0.0637027080073666
0.8,0.2,1.70E-03
0.8,0.22,0.0628192162316484
0.8,0.24,0.119653182719464
0.8,0.26,0.172213917062341
0.8,0.28,0.220509959094912
0.8,0.3,0.264549821678252
0.8,0.32,0.304341990791203
0.8,0.34,0.339894925629999
0.8,0.36,0.37121705870546
0.8,0.38,0.398316795937556
0.8,0.4,0.421202516751604
0.8,0.42,0.439882574174895
0.8,0.44,0.45436529493254
0.8,0.46,0.464658979539235
0.8,0.48,0.47077190239484
0.8,0.5,0.472712311881672
0.8,0.52,0.470488430452575
0.8,0.54,0.464108454728805
0.8,0.56,0.453580555590514
0.8,0.58,0.438912878267503
0.8,0.6,0.420113542438179
0.8,0.62,0.397190642313003
0.8,0.64,0.370152246730145
0.8,0.66,0.339006399245847
0.8,0.68,0.303761118227959
0.8,0.7,0.264424396941115
0.8,0.72,0.221004203637236
0.8,0.74,0.173508481650399
0.8,0.76,0.121945149480244
0.8,0.78,0.0663221008839869
0.8,0.8,6.65E-03
0.8,0.82,0.0570716937466549
0.8,0.84,0.124826775188788
0.8,0.86,0.196610243698704
0.8,0.88,0.272414327916203
0.8,0.9,0.352231280698265
0.8,0.92,0.436053379033672
0.8,0.94,0.523872923955612
0.8,0.96,0.615682240459521
0.8,0.98,0.711473677410578
0.82,0,0.775120176582659
0.82,0.02,0.670340870716851
0.82,0.04,0.569941397431658
0.82,0.06,0.47391294810717
0.82,0.08,0.382246741921258
0.82,0.1,0.294934025754308
0.82,0.12,0.211966074086851
0.82,0.14,0.133334188902486
0.82,0.16,0.0590296995809525
0.82,0.18,0.0109560371862445
0.82,0.2,0.0766316375072103
0.82,0.22,0.138005690379889
0.82,0.24,0.19508675779211
0.82,0.26,0.247883374820286
0.82,0.28,0.296404049719396
0.82,0.3,0.340657264026632
0.82,0.32,0.38065147265284
0.82,0.34,0.416395103981092
0.82,0.36,0.447896559958494
0.82,0.38,0.475164216192345
0.82,0.4,0.498206422042967
0.82,0.42,0.517031500722587
0.82,0.44,0.531647749383107
0.82,0.46,0.542063439211008
0.82,0.48,0.548286815519653
0.82,0.5,0.550326097846325
0.82,0.52,0.548189480038849
0.82,0.54,0.541885130347713
0.82,0.56,0.531421191520086
0.82,0.58,0.516805780888104
0.82,0.6,0.498046990463613
0.82,0.62,0.475152887024231
0.82,0.64,0.44813151220191
0.82,0.66,0.41699088257923
0.82,0.68,0.38173898977325
0.82,0.7,0.3423838005256
0.82,0.72,0.298933256789063
0.82,0.74,0.251395275819488
0.82,0.76,0.199777750262908
0.82,0.78,0.144088548238145
0.82,0.8,0.0843355134305996
0.82,0.82,0.0205264651738917
0.82,0.84,0.0473308014608617
0.82,0.86,0.119228515580008
0.82,0.88,0.195158930382598
0.82,0.9,0.275114323073187
0.82,0.92,0.359086994778163
0.82,0.94,0.447069270459316
0.82,0.96,0.539053498834329
0.82,0.98,0.63503205228482
0.84,0,0.701504397399217
0.84,0.02,0.596347101441877
0.84,0.04,0.495580515066568
0.84,0.06,0.399195864127082
0.84,0.08,0.307184402002584
0.84,0.1,0.219537409496578
0.84,0.12,0.136246194744277
0.84,0.14,0.0573020931101631
0.84,0.16,0.0173035329073901
0.84,0.18,0.0875792937725842
0.84,0.2,0.153533773008914
0.84,0.22,0.215175527296193
0.84,0.24,0.272513086563072
0.84,0.26,0.32555495408853
0.84,0.28,0.374309606588361
0.84,0.3,0.418785494316327
0.84,0.32,0.458991041154828
0.84,0.34,0.494934644713504
0.84,0.36,0.526624676415127
0.84,0.38,0.554069481594469
0.84,0.4,0.577277379588236
0.84,0.42,0.596256663829626
0.84,0.44,0.61101560193813
0.84,0.46,0.621562435811941
0.84,0.48,0.627905381719588
0.84,0.5,0.630052630389128
0.84,0.52,0.628012347103059
0.84,0.54,0.621792671781762
0.84,0.56,0.611401719079132
0.84,0.58,0.59684757846665
0.84,0.6,0.578138314331881
0.84,0.62,0.555281966055097
0.84,0.64,0.528286548105392
0.84,0.66,0.497160050125807
0.84,0.68,0.461910437026216
0.84,0.7,0.422545649061598
0.84,0.72,0.379073601925219
0.84,0.74,0.331502186836475
0.84,0.76,0.27983927062148
0.84,0.78,0.224092695806132
0.84,0.8,0.164270280692959
0.84,0.82,0.100379819456909
0.84,0.84,0.0324290822203778
0.84,0.86,0.03957418485308
0.84,0.88,0.115622259484893
0.84,0.9,0.195707443185261
0.84,0.92,0.279822061180829
0.84,0.94,0.367958462323134
0.84,0.96,0.460109019011701
0.84,0.98,0.556266127104254
0.86,0,0.626001399698212
0.86,0.02,0.520456460873224
0.86,0.04,0.419313132109421
0.86,0.06,0.322562673695309
0.86,0.08,0.230196373167188
0.86,0.1,0.142205545216499
0.86,0.12,0.0585815315896504
0.86,0.14,0.0206842990046864
0.86,0.16,0.0956005509932166
0.86,0.18,0.166175802032279
0.86,0.2,0.232418603101619
0.86,0.22,0.294337478600036
0.86,0.24,0.351940926439873
0.86,0.26,0.405237418139187
0.86,0.28,0.454235398915037
0.86,0.3,0.498943287775916
0.86,0.32,0.539369477616023
0.86,0.34,0.575522335308724
0.86,0.36,0.607410201792562
0.86,0.38,0.635041392167675
0.86,0.4,0.658424195786712
0.86,0.42,0.677566876341603
0.86,0.44,0.692477671959369
0.86,0.46,0.703164795287996
0.86,0.48,0.709636433586994
0.86,0.5,0.711900748817669
0.86,0.52,0.709965877732946
0.86,0.54,0.703839931963304
0.86,0.56,0.693530998105009
0.86,0.58,0.679047137812149
0.86,0.6,0.660396387880524
0.86,0.62,0.637586760335053
0.86,0.64,0.610626242517802
0.86,0.66,0.579522797174294
0.86,0.68,0.544284362541415
0.86,0.7,0.504918852428471
0.86,0.72,0.461434156307039
0.86,0.74,0.413838139396037
0.86,0.76,0.362138642744981
0.86,0.78,0.306343483317803
0.86,0.8,0.246460454080197
0.86,0.82,0.182497324081312
0.86,0.84,0.114461838536292
0.86,0.86,0.0423617189129052
0.86,0.88,0.0337953369884341
0.86,0.9,0.114001654950589
0.86,0.92,0.198249584258831
0.86,0.94,0.286531497616596
0.86,0.96,0.378839791067453
0.86,0.98,0.475166883906912
0.88,0,0.548602569062578
0.88,0.02,0.442660329526265
0.88,0.04,0.341130623919889
0.88,0.06,0.244004746926094
0.88,0.08,0.15127402020357
0.88,0.1,0.0629297922878112
0.88,0.12,0.0210365614984685
0.88,0.14,0.100633639143386
0.88,0.16,0.175870012038319
0.88,0.18,0.246754225066783
0.88,0.2,0.313294796706318
0.88,0.22,0.375500219114031
0.88,0.24,0.43337895822022
0.88,0.26,0.486939453824229
0.88,0.28,0.536190119679007
0.88,0.3,0.581139343588456
0.88,0.32,0.621795487495692
0.88,0.34,0.658166887575299
0.88,0.36,0.690261854320821
0.88,0.38,0.718088672635074
0.88,0.4,0.741655601921286
0.88,0.42,0.760970876172817
0.88,0.44,0.776042704059126
0.88,0.46,0.786879269016103
0.88,0.48,0.793488729330903
0.88,0.5,0.795879218237484
0.88,0.52,0.794058843995799
0.88,0.54,0.788035689983022
0.88,0.56,0.777817814778893
0.88,0.58,0.763413252251252
0.88,0.6,0.744830011647067
0.88,0.62,0.722076077671369
0.88,0.64,0.695159410577277
0.88,0.66,0.664087946249211
0.88,0.68,0.628869596288556
0.88,0.7,0.589512248097216
0.88,0.72,0.546023764962125
0.88,0.74,0.498411986139115
0.88,0.76,0.446684726937652
0.88,0.78,0.390849778800369
0.88,0.8,0.330914909389183
0.88,0.82,0.266887862667049
0.88,0.84,0.198776358979933
0.88,0.86,0.126588095138722
0.88,0.88,0.0503307444987243
0.88,0.9,0.0299880429539329
0.88,0.92,0.114360640527269
0.88,0.94,0.202779444737987
0.88,0.96,0.295236875235584
0.88,0.98,0.391725374718711
0.9,0,0.469299370082218
0.9,0.02,0.362950166726216
0.9,0.04,0.26102444447132
0.9,0.06,0.163513532359609
0.9,0.08,0.0704087861283668
0.9,0.1,0.0182984118773071
0.9,0.12,0.102616652798925
0.9,0.14,0.182554501355648
0.9,0.16,0.258120495941995
0.9,0.18,0.329323148709816
0.9,0.2,0.396170945668372
0.9,0.22,0.458672346769566
0.9,0.24,0.516835786002484
0.9,0.26,0.570669671481494
0.9,0.28,0.620182385536561
0.9,0.3,0.665382284800979
0.9,0.32,0.706277700304271
0.9,0.34,0.742876937560103
0.9,0.36,0.775188276652557
0.9,0.38,0.803219972325393
0.9,0.4,0.826980254070588
0.9,0.42,0.846477326215619
0.9,0.44,0.861719368012339
0.9,0.46,0.872714533718956
0.9,0.48,0.879470952691497
0.9,0.5,0.881996729467334
0.9,0.52,0.880299943854182
0.9,0.54,0.874388651010242
0.9,0.56,0.8642708815358
0.9,0.58,0.849954641550822
0.9,0.6,0.831447912788188
0.9,0.62,0.808758652670641
0.9,0.64,0.781894794397936
0.9,0.66,0.750864247029072
0.9,0.68,0.715674895570111
0.9,0.7,0.676334601048613
0.9,0.72,0.632851200605184
0.9,0.74,0.585232507569291
0.9,0.76,0.533486311545582
0.9,0.78,0.477620378492516
0.9,0.8,0.417642450806142
0.9,0.82,0.353560247400057
0.9,0.84,0.285381463785595
0.9,0.86,0.213113772154754
0.9,0.88,0.136764821454996
0.9,0.9,0.0563422374783917
0.9,0.92,0.0281463770700333
0.9,0.94,0.116693442482736
0.9,0.96,0.209291401980043
0.9,0.98,0.305932721621773
0.92,0,0.38808334645204
0.92,0.02,0.281317510708901
0.92,0.04,0.178986126456838
0.92,0.06,0.0810805570540847
0.92,0.08,0.0124078077143846
0.92,0.1,0.101487551734774
0.92,0.12,0.186167232646112
0.92,0.14,0.266455381941074
0.92,0.16,0.342360505047815
0.92,0.18,0.41389108142612
0.92,0.2,0.481055564652154
0.92,0.22,0.543862382512508
0.92,0.24,0.602319937086138
0.92,0.26,0.656436604843927
0.92,0.28,0.706220736723735
0.92,0.3,0.751680658228854
0.92,0.32,0.792824669509028
0.92,0.34,0.82966104545343
0.92,0.36,0.86219803577278
0.92,0.38,0.890443865087114
0.92,0.4,0.914406733013142
0.92,0.42,0.934094814250957
0.92,0.44,0.949516258666183
0.92,0.46,0.960679191379183
0.92,0.48,0.967591712846111
0.92,0.5,0.970261898948907
0.92,0.52,0.968697801074269
0.92,0.54,0.962907446200838
0.92,0.56,0.952898836981474
0.92,0.58,0.938679951826739
0.92,0.6,0.920258744990222
0.92,0.62,0.897643146647613
0.92,0.64,0.870841062981045
0.92,0.66,0.839860376262565
0.92,0.68,0.804708944933648
0.92,0.7,0.765394603688679
0.92,0.72,0.721925163552363
0.92,0.74,0.674308411967997
0.92,0.76,0.622552112868103
0.92,0.78,0.566664006766489
0.92,0.8,0.50665181082463
0.92,0.82,0.442523218945945
0.92,0.84,0.374285901841466
0.92,0.86,0.301947507121367
0.92,0.88,0.225515659360884
0.92,0.9,0.144997960193488
0.92,0.92,0.060401988374379
0.92,0.94,0.0282647001295305
0.92,0.96,0.120994572071285
0.92,0.98,0.217780116838816
0.94,0,0.30494612107298
0.94,0.02,0.197753978723565
0.94,0.04,0.0950072813817305
0.94,0.06,3.30E-03
0.94,0.08,0.0971841615533283
0.94,0.1,0.186646033504128
0.94,0.12,0.27169671333778
0.94,0.14,0.352344699349096
0.94,0.16,0.428598464043009
0.94,0.18,0.50046645421706
0.94,0.2,0.567957091054601
0.94,0.22,0.631078770205742
0.94,0.24,0.689839861882091
0.94,0.26,0.744248710940613
0.94,0.28,0.794313636966241
0.94,0.3,0.840042934363407
0.94,0.32,0.881444872440797
0.94,0.34,0.918527695497256
0.94,0.36,0.951299622903715
0.94,0.38,0.979768849193002
0.94,0.4,1.00394354414139
0.94,0.42,1.02383185285433
0.94,0.44,1.03944189584963
0.94,0.46,1.05078176914208
0.94,0.48,1.05785954432503
0.94,0.5,1.06068326865675
0.94,0.52,1.05926096514088
0.94,0.54,1.05360063260904
0.94,0.56,1.04371024580384
0.94,0.58,1.02959775545807
0.94,0.6,1.01127108838313
0.94,0.62,0.988738147542548
0.94,0.64,0.962006812136148
0.94,0.66,0.931084937680203
0.94,0.68,0.895980356092479
0.94,0.7,0.856700875762705
0.94,0.72,0.813254281640952
0.94,0.74,0.765648335313523
0.94,0.76,0.713890775081163
0.94,0.78,0.657989316041695
0.94,0.8,0.597951650164883
0.94,0.82,0.533785446372132
0.94,0.84,0.465498350613582
0.94,0.86,0.393097985950371
0.94,0.88,0.316591952622541
0.94,0.9,0.23598782813849
0.94,0.92,0.151293167339835
0.94,0.94,0.0625155024886607
0.94,0.96,0.0303376566658086
0.94,0.98,0.127258822804042
0.96,0,0.219879396158227
0.96,0.02,0.112251267130884
0.96,0.04,9.08E-03
0.96,0.06,0.0896441743199325
0.96,0.08,0.183928597085929
0.96,0.1,0.273782185071751
0.96,0.12,0.359213429024955
0.96,0.14,0.440230794082046
0.96,0.16,0.516842719856696
0.96,0.18,0.58905762051962
0.96,0.2,0.656883884893192
0.96,0.22,0.720329876530698
0.96,0.24,0.779403933805924
0.96,0.26,0.834114369997963
0.96,0.28,0.884469473373049
0.96,0.3,0.930477507271864
0.96,0.32,0.972146710194757
0.96,0.34,1.00948529588402
0.96,0.36,1.04250145340752
0.96,0.38,1.07120334724263
0.96,0.4,1.09559911735836
0.96,0.42,1.11569687930176
0.96,0.44,1.13150472427595
0.96,0.46,1.14303071922402
0.96,0.48,1.15028290690968
0.96,0.5,1.15326930600316
0.96,0.52,1.1519979111582
0.96,0.54,1.14647669309332
0.96,0.56,1.13671359867344
0.96,0.58,1.12271655099121
0.96,0.6,1.10449344944709
0.96,0.62,1.08205216982597
0.96,0.64,1.05540056437933
0.96,0.66,1.02454646190542
0.96,0.68,0.989497667826825
0.96,0.7,0.95026196426819
0.96,0.72,0.906847110134031
0.96,0.74,0.859260841190975
0.96,0.76,0.807510870140836
0.96,0.78,0.751604886701923
0.96,0.8,0.691550557682037
0.96,0.82,0.627355527058423
0.96,0.84,0.55902741605468
0.96,0.86,0.486573823215163
0.96,0.88,0.410002324481794
0.96,0.9,0.329320473270112
0.96,0.92,0.244535800545034
0.96,0.94,0.155655814896181
0.96,0.96,0.0626880026096459
0.96,0.98,0.0343601722514566
0.98,0,0.132874953338525
0.98,0.02,0.0248011515148491
0.98,0.04,0.0788051492163993
0.98,0.06,0.177952482747871
0.98,0.08,0.272649357376077
0.98,0.1,0.362904255880871
0.98,0.12,0.448725635615609
0.98,0.14,0.530121928589552
0.98,0.16,0.607101541558651
0.98,0.18,0.679672856102112
0.98,0.2,0.747844228714357
0.98,0.22,0.811623990884392
0.98,0.24,0.871020449181502
0.98,0.26,0.926041885341107
0.98,0.28,0.976696556343549
0.98,0.3,1.02299269449943
0.98,0.32,1.06493850753223
0.98,0.34,1.10254217866297
0.98,0.36,1.13581186668786
0.98,0.38,1.16475570606282
0.98,0.4,1.18938180698448
0.98,0.42,1.20969825547182
0.98,0.44,1.22571311344681
0.98,0.46,1.23743441881485
0.98,0.48,1.24487018554294
0.98,0.5,1.24802840374557
0.98,0.52,1.2469170397595
0.98,0.54,1.24154403622373
0.98,0.56,1.23191731215994
0.98,0.58,1.21804476305097
0.98,0.6,1.19993426092083
0.98,0.62,1.17759365440884
0.98,0.64,1.15103076885318
0.98,0.66,1.1202534063631
0.98,0.68,1.08526934590294
0.98,0.7,1.04608634336174
0.98,0.72,1.00271213163638
0.98,0.74,0.955154420704756
0.98,0.76,0.903420897702797
0.98,0.78,0.84751922700258
0.98,0.8,0.787457050283361
0.98,0.82,0.723241986614638
0.98,0.84,0.654881632522352
0.98,0.86,0.582383562071652
0.98,0.88,0.505755326935648
0.98,0.9,0.425004456476144
0.98,0.92,0.340138457810551
0.98,0.94,0.251164815892174
0.98,0.96,0.158090993577932
0.98,0.98,0.0609244317089296
